{"lib/src/data/datasource/local/get_sever_ui_data_source.dart":["lib/src/data/datasource/local/get_sever_ui_data_source.dart"],"lib/src/data/datasource/local/order-SDUI-mockdata.json":["lib/src/data/datasource/local/order-SDUI-mockdata.json"],"lib/src/data/datasource/local/order-api-response.json":["lib/src/data/datasource/local/order-api-response.json"],"packages/cupertino_icons/assets/CupertinoIcons.ttf":["packages/cupertino_icons/assets/CupertinoIcons.ttf"],"res/fonts/gilroy_bold.otf":["res/fonts/gilroy_bold.otf"],"res/fonts/gilroy_medium.otf":["res/fonts/gilroy_medium.otf"],"res/fonts/gilroy_regular.otf":["res/fonts/gilroy_regular.otf"],"res/fonts/gilroy_semi_bold.otf":["res/fonts/gilroy_semi_bold.otf"],"res/images/arrow_orange_icon.png":["res/images/arrow_orange_icon.png"],"res/images/avatar_icon.png":["res/images/avatar_icon.png"],"res/images/cash-collect.png":["res/images/cash-collect.png"],"res/images/ic-add-photo.png":["res/images/ic-add-photo.png"],"res/images/ic-caller.png":["res/images/ic-caller.png"],"res/images/ic-message.png":["res/images/ic-message.png"],"res/images/ic_arrow_right.png":["res/images/ic_arrow_right.png"],"res/images/ic_call_orange.png":["res/images/ic_call_orange.png"],"res/images/ic_down_arrow.png":["res/images/ic_down_arrow.png"],"res/images/ic_driver.png":["res/images/ic_driver.png"],"res/images/ic_dropoff_map.png":["res/images/ic_dropoff_map.png"],"res/images/ic_pickup_map.png":["res/images/ic_pickup_map.png"],"res/images/ic_up_arrow.png":["res/images/ic_up_arrow.png"],"res/images/order_dest_icon.png":["res/images/order_dest_icon.png"],"res/images/order_from_icon.png":["res/images/order_from_icon.png"],"res/images/order_path_fail_icon.png":["res/images/order_path_fail_icon.png"],"res/images/order_path_success_icon.png":["res/images/order_path_success_icon.png"],"res/images/star_selected_icon.png":["res/images/star_selected_icon.png"],"res/images/star_unselected_icon.png":["res/images/star_unselected_icon.png"],"res/map/map_style.json":["res/map/map_style.json"]}