[
  {
    "featureType": "landscape.man_made",
    "elementType": "geometry.fill",
    "stylers": [
      {
        "color": "#f1f1f4"
      }
    ]
  },
  {
    "featureType": "landscape.man_made",
    "elementType": "geometry.stroke",
    "stylers": [
      {
        "visibility": "off"
      }
    ]
  },
  {
    "featureType": "landscape.natural",
    "elementType": "geometry.fill",
    "stylers": [
      {
        "color": "#f1f1f4"
      }
    ]
  },
  {
    "featureType": "landscape.natural.terrain",
    "elementType": "geometry.fill",
    "stylers": [
      {
        "color": "#f1f1f4"
      }
    ]
  },
  {
    "featureType": "poi",
    "elementType": "geometry.fill",
    "stylers": [
      {
        "color": "#f1f1f4"
      }
    ]
  },
  {
    "featureType": "poi",
    "elementType": "labels.text.fill",
    "stylers": [
      {
        "color": "#72767e"
      }
    ]
  },
  {
    "featureType": "poi",
    "elementType": "labels.text.stroke",
    "stylers": [
      {
        "color": "#ffffff"
      },
      {
        "weight": 2
      }
    ]
  },
  {
    "featureType": "poi.attraction",
    "elementType": "geometry.fill",
    "stylers": [
      {
        "color": "#9ddaad"
      }
    ]
  },
  {
    "featureType": "poi.attraction",
    "elementType": "labels.icon",
    "stylers": [
      {
        "color": "#34a853"
      }
    ]
  },
  {
    "featureType": "poi.business",
    "elementType": "labels.icon",
    "stylers": [
      {
        "color": "#8497ae"
      },
      {
        "visibility": "off"
      }
    ]
  },
  {
    "featureType": "poi.government",
    "stylers": [
      {
        "visibility": "off"
      }
    ]
  },
  {
    "featureType": "poi.park",
    "elementType": "geometry.fill",
    "stylers": [
      {
        "color": "#9ddaad"
      }
    ]
  },
  {
    "featureType": "poi.place_of_worship",
    "stylers": [
      {
        "visibility": "off"
      }
    ]
  },
  {
    "featureType": "poi.sports_complex",
    "elementType": "geometry.fill",
    "stylers": [
      {
        "color": "#9ddaad"
      }
    ]
  },
  {
    "featureType": "road.highway",
    "elementType": "geometry.fill",
    "stylers": [
      {
        "color": "#9cadce"
      }
    ]
  },
  {
    "featureType": "road.highway",
    "elementType": "geometry.stroke",
    "stylers": [
      {
        "visibility": "off"
      }
    ]
  },
  {
    "featureType": "road.highway",
    "elementType": "labels.text.fill",
    "stylers": [
      {
        "color": "#647596"
      }
    ]
  },
  {
    "featureType": "road.highway",
    "elementType": "labels.text.stroke",
    "stylers": [
      {
        "color": "#ffffff"
      },
      {
        "weight": 3
      }
    ]
  },
  {
    "featureType": "transit.line",
    "stylers": [
      {
        "visibility": "off"
      }
    ]
  },
  {
    "featureType": "transit.station.airport",
    "elementType": "geometry.fill",
    "stylers": [
      {
        "color": "#dfe1e4"
      }
    ]
  },
  {
    "featureType": "transit.station.bus",
    "stylers": [
      {
        "visibility": "off"
      }
    ]
  },
  {
    "featureType": "water",
    "elementType": "geometry.fill",
    "stylers": [
      {
        "color": "#acd5f5"
      }
    ]
  }
]