{
  "ABIRoot": {
    "kind": "Root",
    "name": "url_launcher_ios",
    "printedName": "url_launcher_ios",
    "children": [
      {
        "kind": "Import",
        "name": "UIKit",
        "printedName": "UIKit",
        "declKind": "Import",
        "moduleName": "url_launcher_ios",
        "declAttributes": [
          "RawDocComment"
        ]
      },
      {
        "kind": "TypeDecl",
        "name": "Launcher",
        "printedName": "Launcher",
        "children": [
          {
            "kind": "Function",
            "name": "canOpenURL",
            "printedName": "canOpenURL(_:)",
            "children": [
              {
                "kind": "TypeNominal",
                "name": "Bool",
                "printedName": "Swift.Bool",
                "usr": "s:Sb"
              },
              {
                "kind": "TypeNominal",
                "name": "URL",
                "printedName": "Foundation.URL",
                "usr": "s:10Foundation3URLV"
              }
            ],
            "declKind": "Func",
            "usr": "s:16url_launcher_ios8LauncherP10canOpenURLySb10Foundation0G0VF",
            "mangledName": "$s16url_launcher_ios8LauncherP10canOpenURLySb10Foundation0G0VF",
            "moduleName": "url_launcher_ios",
            "genericSig": "<τ_0_0 where τ_0_0 : url_launcher_ios.Launcher>",
            "sugared_genericSig": "<Self where Self : url_launcher_ios.Launcher>",
            "protocolReq": true,
            "declAttributes": [
              "RawDocComment"
            ],
            "reqNewWitnessTableEntry": true,
            "funcSelfKind": "NonMutating"
          },
          {
            "kind": "Function",
            "name": "open",
            "printedName": "open(_:options:completionHandler:)",
            "children": [
              {
                "kind": "TypeNominal",
                "name": "Void",
                "printedName": "()"
              },
              {
                "kind": "TypeNominal",
                "name": "URL",
                "printedName": "Foundation.URL",
                "usr": "s:10Foundation3URLV"
              },
              {
                "kind": "TypeNominal",
                "name": "Dictionary",
                "printedName": "[UIKit.UIApplication.OpenExternalURLOptionsKey : Any]",
                "children": [
                  {
                    "kind": "TypeNominal",
                    "name": "OpenExternalURLOptionsKey",
                    "printedName": "UIKit.UIApplication.OpenExternalURLOptionsKey",
                    "usr": "c:@T@UIApplicationOpenExternalURLOptionsKey"
                  },
                  {
                    "kind": "TypeNominal",
                    "name": "ProtocolComposition",
                    "printedName": "Any"
                  }
                ],
                "usr": "s:SD"
              },
              {
                "kind": "TypeNominal",
                "name": "Optional",
                "printedName": "((Swift.Bool) -> ())?",
                "children": [
                  {
                    "kind": "TypeFunc",
                    "name": "Function",
                    "printedName": "(Swift.Bool) -> ()",
                    "children": [
                      {
                        "kind": "TypeNominal",
                        "name": "Void",
                        "printedName": "()"
                      },
                      {
                        "kind": "TypeNominal",
                        "name": "Bool",
                        "printedName": "Swift.Bool",
                        "usr": "s:Sb"
                      }
                    ]
                  }
                ],
                "usr": "s:Sq"
              }
            ],
            "declKind": "Func",
            "usr": "s:16url_launcher_ios8LauncherP4open_7options17completionHandlery10Foundation3URLV_SDySo38UIApplicationOpenExternalURLOptionsKeyaypGySbcSgtF",
            "mangledName": "$s16url_launcher_ios8LauncherP4open_7options17completionHandlery10Foundation3URLV_SDySo38UIApplicationOpenExternalURLOptionsKeyaypGySbcSgtF",
            "moduleName": "url_launcher_ios",
            "genericSig": "<τ_0_0 where τ_0_0 : url_launcher_ios.Launcher>",
            "sugared_genericSig": "<Self where Self : url_launcher_ios.Launcher>",
            "protocolReq": true,
            "declAttributes": [
              "RawDocComment"
            ],
            "reqNewWitnessTableEntry": true,
            "funcSelfKind": "NonMutating"
          }
        ],
        "declKind": "Protocol",
        "usr": "s:16url_launcher_ios8LauncherP",
        "mangledName": "$s16url_launcher_ios8LauncherP",
        "moduleName": "url_launcher_ios",
        "declAttributes": [
          "RawDocComment"
        ],
        "conformances": [
          {
            "kind": "Conformance",
            "name": "Escapable",
            "printedName": "Escapable",
            "usr": "s:s9EscapableP",
            "mangledName": "$ss9EscapableP"
          },
          {
            "kind": "Conformance",
            "name": "Copyable",
            "printedName": "Copyable",
            "usr": "s:s8CopyableP",
            "mangledName": "$ss8CopyableP"
          }
        ]
      },
      {
        "kind": "TypeDecl",
        "name": "DefaultLauncher",
        "printedName": "DefaultLauncher",
        "children": [
          {
            "kind": "Function",
            "name": "canOpenURL",
            "printedName": "canOpenURL(_:)",
            "children": [
              {
                "kind": "TypeNominal",
                "name": "Bool",
                "printedName": "Swift.Bool",
                "usr": "s:Sb"
              },
              {
                "kind": "TypeNominal",
                "name": "URL",
                "printedName": "Foundation.URL",
                "usr": "s:10Foundation3URLV"
              }
            ],
            "declKind": "Func",
            "usr": "s:16url_launcher_ios15DefaultLauncherC10canOpenURLySb10Foundation0H0VF",
            "mangledName": "$s16url_launcher_ios15DefaultLauncherC10canOpenURLySb10Foundation0H0VF",
            "moduleName": "url_launcher_ios",
            "declAttributes": [
              "Final"
            ],
            "funcSelfKind": "NonMutating"
          },
          {
            "kind": "Function",
            "name": "open",
            "printedName": "open(_:options:completionHandler:)",
            "children": [
              {
                "kind": "TypeNominal",
                "name": "Void",
                "printedName": "()"
              },
              {
                "kind": "TypeNominal",
                "name": "URL",
                "printedName": "Foundation.URL",
                "usr": "s:10Foundation3URLV"
              },
              {
                "kind": "TypeNominal",
                "name": "Dictionary",
                "printedName": "[UIKit.UIApplication.OpenExternalURLOptionsKey : Any]",
                "children": [
                  {
                    "kind": "TypeNominal",
                    "name": "OpenExternalURLOptionsKey",
                    "printedName": "UIKit.UIApplication.OpenExternalURLOptionsKey",
                    "usr": "c:@T@UIApplicationOpenExternalURLOptionsKey"
                  },
                  {
                    "kind": "TypeNominal",
                    "name": "ProtocolComposition",
                    "printedName": "Any"
                  }
                ],
                "usr": "s:SD"
              },
              {
                "kind": "TypeNominal",
                "name": "Optional",
                "printedName": "((Swift.Bool) -> ())?",
                "children": [
                  {
                    "kind": "TypeFunc",
                    "name": "Function",
                    "printedName": "(Swift.Bool) -> ()",
                    "children": [
                      {
                        "kind": "TypeNominal",
                        "name": "Void",
                        "printedName": "()"
                      },
                      {
                        "kind": "TypeNominal",
                        "name": "Bool",
                        "printedName": "Swift.Bool",
                        "usr": "s:Sb"
                      }
                    ]
                  }
                ],
                "usr": "s:Sq"
              }
            ],
            "declKind": "Func",
            "usr": "s:16url_launcher_ios15DefaultLauncherC4open_7options17completionHandlery10Foundation3URLV_SDySo38UIApplicationOpenExternalURLOptionsKeyaypGySbcSgtF",
            "mangledName": "$s16url_launcher_ios15DefaultLauncherC4open_7options17completionHandlery10Foundation3URLV_SDySo38UIApplicationOpenExternalURLOptionsKeyaypGySbcSgtF",
            "moduleName": "url_launcher_ios",
            "declAttributes": [
              "Final"
            ],
            "funcSelfKind": "NonMutating"
          },
          {
            "kind": "Constructor",
            "name": "init",
            "printedName": "init()",
            "children": [
              {
                "kind": "TypeNominal",
                "name": "DefaultLauncher",
                "printedName": "url_launcher_ios.DefaultLauncher",
                "usr": "s:16url_launcher_ios15DefaultLauncherC"
              }
            ],
            "declKind": "Constructor",
            "usr": "s:16url_launcher_ios15DefaultLauncherCACycfc",
            "mangledName": "$s16url_launcher_ios15DefaultLauncherCACycfc",
            "moduleName": "url_launcher_ios",
            "implicit": true,
            "init_kind": "Designated"
          }
        ],
        "declKind": "Class",
        "usr": "s:16url_launcher_ios15DefaultLauncherC",
        "mangledName": "$s16url_launcher_ios15DefaultLauncherC",
        "moduleName": "url_launcher_ios",
        "declAttributes": [
          "Final",
          "RawDocComment"
        ],
        "conformances": [
          {
            "kind": "Conformance",
            "name": "Copyable",
            "printedName": "Copyable",
            "usr": "s:s8CopyableP",
            "mangledName": "$ss8CopyableP"
          },
          {
            "kind": "Conformance",
            "name": "Escapable",
            "printedName": "Escapable",
            "usr": "s:s9EscapableP",
            "mangledName": "$ss9EscapableP"
          },
          {
            "kind": "Conformance",
            "name": "Launcher",
            "printedName": "Launcher",
            "usr": "s:16url_launcher_ios8LauncherP",
            "mangledName": "$s16url_launcher_ios8LauncherP"
          }
        ]
      },
      {
        "kind": "Import",
        "name": "Foundation",
        "printedName": "Foundation",
        "declKind": "Import",
        "moduleName": "url_launcher_ios",
        "declAttributes": [
          "RawDocComment"
        ]
      },
      {
        "kind": "Import",
        "name": "Flutter",
        "printedName": "Flutter",
        "declKind": "Import",
        "moduleName": "url_launcher_ios"
      },
      {
        "kind": "TypeDecl",
        "name": "LaunchResult",
        "printedName": "LaunchResult",
        "children": [
          {
            "kind": "Var",
            "name": "success",
            "printedName": "success",
            "children": [
              {
                "kind": "TypeFunc",
                "name": "Function",
                "printedName": "(url_launcher_ios.LaunchResult.Type) -> url_launcher_ios.LaunchResult",
                "children": [
                  {
                    "kind": "TypeNominal",
                    "name": "LaunchResult",
                    "printedName": "url_launcher_ios.LaunchResult",
                    "usr": "s:16url_launcher_ios12LaunchResultO"
                  },
                  {
                    "kind": "TypeNominal",
                    "name": "Metatype",
                    "printedName": "url_launcher_ios.LaunchResult.Type",
                    "children": [
                      {
                        "kind": "TypeNominal",
                        "name": "LaunchResult",
                        "printedName": "url_launcher_ios.LaunchResult",
                        "usr": "s:16url_launcher_ios12LaunchResultO"
                      }
                    ]
                  }
                ]
              }
            ],
            "declKind": "EnumElement",
            "usr": "s:16url_launcher_ios12LaunchResultO7successyA2CmF",
            "mangledName": "$s16url_launcher_ios12LaunchResultO7successyA2CmF",
            "moduleName": "url_launcher_ios",
            "declAttributes": [
              "RawDocComment"
            ],
            "fixedbinaryorder": 0
          },
          {
            "kind": "Var",
            "name": "failure",
            "printedName": "failure",
            "children": [
              {
                "kind": "TypeFunc",
                "name": "Function",
                "printedName": "(url_launcher_ios.LaunchResult.Type) -> url_launcher_ios.LaunchResult",
                "children": [
                  {
                    "kind": "TypeNominal",
                    "name": "LaunchResult",
                    "printedName": "url_launcher_ios.LaunchResult",
                    "usr": "s:16url_launcher_ios12LaunchResultO"
                  },
                  {
                    "kind": "TypeNominal",
                    "name": "Metatype",
                    "printedName": "url_launcher_ios.LaunchResult.Type",
                    "children": [
                      {
                        "kind": "TypeNominal",
                        "name": "LaunchResult",
                        "printedName": "url_launcher_ios.LaunchResult",
                        "usr": "s:16url_launcher_ios12LaunchResultO"
                      }
                    ]
                  }
                ]
              }
            ],
            "declKind": "EnumElement",
            "usr": "s:16url_launcher_ios12LaunchResultO7failureyA2CmF",
            "mangledName": "$s16url_launcher_ios12LaunchResultO7failureyA2CmF",
            "moduleName": "url_launcher_ios",
            "declAttributes": [
              "RawDocComment"
            ],
            "fixedbinaryorder": 1
          },
          {
            "kind": "Var",
            "name": "invalidUrl",
            "printedName": "invalidUrl",
            "children": [
              {
                "kind": "TypeFunc",
                "name": "Function",
                "printedName": "(url_launcher_ios.LaunchResult.Type) -> url_launcher_ios.LaunchResult",
                "children": [
                  {
                    "kind": "TypeNominal",
                    "name": "LaunchResult",
                    "printedName": "url_launcher_ios.LaunchResult",
                    "usr": "s:16url_launcher_ios12LaunchResultO"
                  },
                  {
                    "kind": "TypeNominal",
                    "name": "Metatype",
                    "printedName": "url_launcher_ios.LaunchResult.Type",
                    "children": [
                      {
                        "kind": "TypeNominal",
                        "name": "LaunchResult",
                        "printedName": "url_launcher_ios.LaunchResult",
                        "usr": "s:16url_launcher_ios12LaunchResultO"
                      }
                    ]
                  }
                ]
              }
            ],
            "declKind": "EnumElement",
            "usr": "s:16url_launcher_ios12LaunchResultO10invalidUrlyA2CmF",
            "mangledName": "$s16url_launcher_ios12LaunchResultO10invalidUrlyA2CmF",
            "moduleName": "url_launcher_ios",
            "declAttributes": [
              "RawDocComment"
            ],
            "fixedbinaryorder": 2
          },
          {
            "kind": "Constructor",
            "name": "init",
            "printedName": "init(rawValue:)",
            "children": [
              {
                "kind": "TypeNominal",
                "name": "Optional",
                "printedName": "url_launcher_ios.LaunchResult?",
                "children": [
                  {
                    "kind": "TypeNominal",
                    "name": "LaunchResult",
                    "printedName": "url_launcher_ios.LaunchResult",
                    "usr": "s:16url_launcher_ios12LaunchResultO"
                  }
                ],
                "usr": "s:Sq"
              },
              {
                "kind": "TypeNominal",
                "name": "Int",
                "printedName": "Swift.Int",
                "usr": "s:Si"
              }
            ],
            "declKind": "Constructor",
            "usr": "s:16url_launcher_ios12LaunchResultO8rawValueACSgSi_tcfc",
            "mangledName": "$s16url_launcher_ios12LaunchResultO8rawValueACSgSi_tcfc",
            "moduleName": "url_launcher_ios",
            "implicit": true,
            "init_kind": "Designated"
          },
          {
            "kind": "Var",
            "name": "rawValue",
            "printedName": "rawValue",
            "children": [
              {
                "kind": "TypeNominal",
                "name": "Int",
                "printedName": "Swift.Int",
                "usr": "s:Si"
              }
            ],
            "declKind": "Var",
            "usr": "s:16url_launcher_ios12LaunchResultO8rawValueSivp",
            "mangledName": "$s16url_launcher_ios12LaunchResultO8rawValueSivp",
            "moduleName": "url_launcher_ios",
            "implicit": true,
            "accessors": [
              {
                "kind": "Accessor",
                "name": "Get",
                "printedName": "Get()",
                "children": [
                  {
                    "kind": "TypeNominal",
                    "name": "Int",
                    "printedName": "Swift.Int",
                    "usr": "s:Si"
                  }
                ],
                "declKind": "Accessor",
                "usr": "s:16url_launcher_ios12LaunchResultO8rawValueSivg",
                "mangledName": "$s16url_launcher_ios12LaunchResultO8rawValueSivg",
                "moduleName": "url_launcher_ios",
                "implicit": true,
                "accessorKind": "get"
              }
            ]
          }
        ],
        "declKind": "Enum",
        "usr": "s:16url_launcher_ios12LaunchResultO",
        "mangledName": "$s16url_launcher_ios12LaunchResultO",
        "moduleName": "url_launcher_ios",
        "declAttributes": [
          "RawDocComment"
        ],
        "enumRawTypeName": "Int",
        "isEnumExhaustive": true,
        "conformances": [
          {
            "kind": "Conformance",
            "name": "Copyable",
            "printedName": "Copyable",
            "usr": "s:s8CopyableP",
            "mangledName": "$ss8CopyableP"
          },
          {
            "kind": "Conformance",
            "name": "Escapable",
            "printedName": "Escapable",
            "usr": "s:s9EscapableP",
            "mangledName": "$ss9EscapableP"
          },
          {
            "kind": "Conformance",
            "name": "Equatable",
            "printedName": "Equatable",
            "usr": "s:SQ",
            "mangledName": "$sSQ"
          },
          {
            "kind": "Conformance",
            "name": "Hashable",
            "printedName": "Hashable",
            "usr": "s:SH",
            "mangledName": "$sSH"
          },
          {
            "kind": "Conformance",
            "name": "RawRepresentable",
            "printedName": "RawRepresentable",
            "children": [
              {
                "kind": "TypeWitness",
                "name": "RawValue",
                "printedName": "RawValue",
                "children": [
                  {
                    "kind": "TypeNominal",
                    "name": "Int",
                    "printedName": "Swift.Int",
                    "usr": "s:Si"
                  }
                ]
              }
            ],
            "usr": "s:SY",
            "mangledName": "$sSY"
          },
          {
            "kind": "Conformance",
            "name": "Sendable",
            "printedName": "Sendable",
            "usr": "s:s8SendableP",
            "mangledName": "$ss8SendableP"
          },
          {
            "kind": "Conformance",
            "name": "BitwiseCopyable",
            "printedName": "BitwiseCopyable",
            "usr": "s:s15BitwiseCopyableP",
            "mangledName": "$ss15BitwiseCopyableP"
          }
        ]
      },
      {
        "kind": "TypeDecl",
        "name": "InAppLoadResult",
        "printedName": "InAppLoadResult",
        "children": [
          {
            "kind": "Var",
            "name": "success",
            "printedName": "success",
            "children": [
              {
                "kind": "TypeFunc",
                "name": "Function",
                "printedName": "(url_launcher_ios.InAppLoadResult.Type) -> url_launcher_ios.InAppLoadResult",
                "children": [
                  {
                    "kind": "TypeNominal",
                    "name": "InAppLoadResult",
                    "printedName": "url_launcher_ios.InAppLoadResult",
                    "usr": "s:16url_launcher_ios15InAppLoadResultO"
                  },
                  {
                    "kind": "TypeNominal",
                    "name": "Metatype",
                    "printedName": "url_launcher_ios.InAppLoadResult.Type",
                    "children": [
                      {
                        "kind": "TypeNominal",
                        "name": "InAppLoadResult",
                        "printedName": "url_launcher_ios.InAppLoadResult",
                        "usr": "s:16url_launcher_ios15InAppLoadResultO"
                      }
                    ]
                  }
                ]
              }
            ],
            "declKind": "EnumElement",
            "usr": "s:16url_launcher_ios15InAppLoadResultO7successyA2CmF",
            "mangledName": "$s16url_launcher_ios15InAppLoadResultO7successyA2CmF",
            "moduleName": "url_launcher_ios",
            "declAttributes": [
              "RawDocComment"
            ],
            "fixedbinaryorder": 0
          },
          {
            "kind": "Var",
            "name": "failedToLoad",
            "printedName": "failedToLoad",
            "children": [
              {
                "kind": "TypeFunc",
                "name": "Function",
                "printedName": "(url_launcher_ios.InAppLoadResult.Type) -> url_launcher_ios.InAppLoadResult",
                "children": [
                  {
                    "kind": "TypeNominal",
                    "name": "InAppLoadResult",
                    "printedName": "url_launcher_ios.InAppLoadResult",
                    "usr": "s:16url_launcher_ios15InAppLoadResultO"
                  },
                  {
                    "kind": "TypeNominal",
                    "name": "Metatype",
                    "printedName": "url_launcher_ios.InAppLoadResult.Type",
                    "children": [
                      {
                        "kind": "TypeNominal",
                        "name": "InAppLoadResult",
                        "printedName": "url_launcher_ios.InAppLoadResult",
                        "usr": "s:16url_launcher_ios15InAppLoadResultO"
                      }
                    ]
                  }
                ]
              }
            ],
            "declKind": "EnumElement",
            "usr": "s:16url_launcher_ios15InAppLoadResultO08failedToF0yA2CmF",
            "mangledName": "$s16url_launcher_ios15InAppLoadResultO08failedToF0yA2CmF",
            "moduleName": "url_launcher_ios",
            "declAttributes": [
              "RawDocComment"
            ],
            "fixedbinaryorder": 1
          },
          {
            "kind": "Var",
            "name": "invalidUrl",
            "printedName": "invalidUrl",
            "children": [
              {
                "kind": "TypeFunc",
                "name": "Function",
                "printedName": "(url_launcher_ios.InAppLoadResult.Type) -> url_launcher_ios.InAppLoadResult",
                "children": [
                  {
                    "kind": "TypeNominal",
                    "name": "InAppLoadResult",
                    "printedName": "url_launcher_ios.InAppLoadResult",
                    "usr": "s:16url_launcher_ios15InAppLoadResultO"
                  },
                  {
                    "kind": "TypeNominal",
                    "name": "Metatype",
                    "printedName": "url_launcher_ios.InAppLoadResult.Type",
                    "children": [
                      {
                        "kind": "TypeNominal",
                        "name": "InAppLoadResult",
                        "printedName": "url_launcher_ios.InAppLoadResult",
                        "usr": "s:16url_launcher_ios15InAppLoadResultO"
                      }
                    ]
                  }
                ]
              }
            ],
            "declKind": "EnumElement",
            "usr": "s:16url_launcher_ios15InAppLoadResultO10invalidUrlyA2CmF",
            "mangledName": "$s16url_launcher_ios15InAppLoadResultO10invalidUrlyA2CmF",
            "moduleName": "url_launcher_ios",
            "declAttributes": [
              "RawDocComment"
            ],
            "fixedbinaryorder": 2
          },
          {
            "kind": "Constructor",
            "name": "init",
            "printedName": "init(rawValue:)",
            "children": [
              {
                "kind": "TypeNominal",
                "name": "Optional",
                "printedName": "url_launcher_ios.InAppLoadResult?",
                "children": [
                  {
                    "kind": "TypeNominal",
                    "name": "InAppLoadResult",
                    "printedName": "url_launcher_ios.InAppLoadResult",
                    "usr": "s:16url_launcher_ios15InAppLoadResultO"
                  }
                ],
                "usr": "s:Sq"
              },
              {
                "kind": "TypeNominal",
                "name": "Int",
                "printedName": "Swift.Int",
                "usr": "s:Si"
              }
            ],
            "declKind": "Constructor",
            "usr": "s:16url_launcher_ios15InAppLoadResultO8rawValueACSgSi_tcfc",
            "mangledName": "$s16url_launcher_ios15InAppLoadResultO8rawValueACSgSi_tcfc",
            "moduleName": "url_launcher_ios",
            "implicit": true,
            "init_kind": "Designated"
          },
          {
            "kind": "Var",
            "name": "rawValue",
            "printedName": "rawValue",
            "children": [
              {
                "kind": "TypeNominal",
                "name": "Int",
                "printedName": "Swift.Int",
                "usr": "s:Si"
              }
            ],
            "declKind": "Var",
            "usr": "s:16url_launcher_ios15InAppLoadResultO8rawValueSivp",
            "mangledName": "$s16url_launcher_ios15InAppLoadResultO8rawValueSivp",
            "moduleName": "url_launcher_ios",
            "implicit": true,
            "accessors": [
              {
                "kind": "Accessor",
                "name": "Get",
                "printedName": "Get()",
                "children": [
                  {
                    "kind": "TypeNominal",
                    "name": "Int",
                    "printedName": "Swift.Int",
                    "usr": "s:Si"
                  }
                ],
                "declKind": "Accessor",
                "usr": "s:16url_launcher_ios15InAppLoadResultO8rawValueSivg",
                "mangledName": "$s16url_launcher_ios15InAppLoadResultO8rawValueSivg",
                "moduleName": "url_launcher_ios",
                "implicit": true,
                "accessorKind": "get"
              }
            ]
          }
        ],
        "declKind": "Enum",
        "usr": "s:16url_launcher_ios15InAppLoadResultO",
        "mangledName": "$s16url_launcher_ios15InAppLoadResultO",
        "moduleName": "url_launcher_ios",
        "declAttributes": [
          "RawDocComment"
        ],
        "enumRawTypeName": "Int",
        "isEnumExhaustive": true,
        "conformances": [
          {
            "kind": "Conformance",
            "name": "Copyable",
            "printedName": "Copyable",
            "usr": "s:s8CopyableP",
            "mangledName": "$ss8CopyableP"
          },
          {
            "kind": "Conformance",
            "name": "Escapable",
            "printedName": "Escapable",
            "usr": "s:s9EscapableP",
            "mangledName": "$ss9EscapableP"
          },
          {
            "kind": "Conformance",
            "name": "Equatable",
            "printedName": "Equatable",
            "usr": "s:SQ",
            "mangledName": "$sSQ"
          },
          {
            "kind": "Conformance",
            "name": "Hashable",
            "printedName": "Hashable",
            "usr": "s:SH",
            "mangledName": "$sSH"
          },
          {
            "kind": "Conformance",
            "name": "RawRepresentable",
            "printedName": "RawRepresentable",
            "children": [
              {
                "kind": "TypeWitness",
                "name": "RawValue",
                "printedName": "RawValue",
                "children": [
                  {
                    "kind": "TypeNominal",
                    "name": "Int",
                    "printedName": "Swift.Int",
                    "usr": "s:Si"
                  }
                ]
              }
            ],
            "usr": "s:SY",
            "mangledName": "$sSY"
          },
          {
            "kind": "Conformance",
            "name": "Sendable",
            "printedName": "Sendable",
            "usr": "s:s8SendableP",
            "mangledName": "$ss8SendableP"
          },
          {
            "kind": "Conformance",
            "name": "BitwiseCopyable",
            "printedName": "BitwiseCopyable",
            "usr": "s:s15BitwiseCopyableP",
            "mangledName": "$ss15BitwiseCopyableP"
          }
        ]
      },
      {
        "kind": "TypeDecl",
        "name": "UrlLauncherApi",
        "printedName": "UrlLauncherApi",
        "children": [
          {
            "kind": "Function",
            "name": "canLaunchUrl",
            "printedName": "canLaunchUrl(url:)",
            "children": [
              {
                "kind": "TypeNominal",
                "name": "LaunchResult",
                "printedName": "url_launcher_ios.LaunchResult",
                "usr": "s:16url_launcher_ios12LaunchResultO"
              },
              {
                "kind": "TypeNominal",
                "name": "String",
                "printedName": "Swift.String",
                "usr": "s:SS"
              }
            ],
            "declKind": "Func",
            "usr": "s:16url_launcher_ios14UrlLauncherApiP09canLaunchD00A0AA0H6ResultOSS_tKF",
            "mangledName": "$s16url_launcher_ios14UrlLauncherApiP09canLaunchD00A0AA0H6ResultOSS_tKF",
            "moduleName": "url_launcher_ios",
            "genericSig": "<τ_0_0 where τ_0_0 : url_launcher_ios.UrlLauncherApi>",
            "sugared_genericSig": "<Self where Self : url_launcher_ios.UrlLauncherApi>",
            "protocolReq": true,
            "declAttributes": [
              "RawDocComment"
            ],
            "throwing": true,
            "reqNewWitnessTableEntry": true,
            "funcSelfKind": "NonMutating"
          },
          {
            "kind": "Function",
            "name": "launchUrl",
            "printedName": "launchUrl(url:universalLinksOnly:completion:)",
            "children": [
              {
                "kind": "TypeNominal",
                "name": "Void",
                "printedName": "()"
              },
              {
                "kind": "TypeNominal",
                "name": "String",
                "printedName": "Swift.String",
                "usr": "s:SS"
              },
              {
                "kind": "TypeNominal",
                "name": "Bool",
                "printedName": "Swift.Bool",
                "usr": "s:Sb"
              },
              {
                "kind": "TypeFunc",
                "name": "Function",
                "printedName": "(Swift.Result<url_launcher_ios.LaunchResult, any Swift.Error>) -> ()",
                "children": [
                  {
                    "kind": "TypeNominal",
                    "name": "Void",
                    "printedName": "()"
                  },
                  {
                    "kind": "TypeNominal",
                    "name": "Result",
                    "printedName": "Swift.Result<url_launcher_ios.LaunchResult, any Swift.Error>",
                    "children": [
                      {
                        "kind": "TypeNominal",
                        "name": "LaunchResult",
                        "printedName": "url_launcher_ios.LaunchResult",
                        "usr": "s:16url_launcher_ios12LaunchResultO"
                      },
                      {
                        "kind": "TypeNominal",
                        "name": "Error",
                        "printedName": "any Swift.Error",
                        "usr": "s:s5ErrorP"
                      }
                    ],
                    "usr": "s:s6ResultO"
                  }
                ]
              }
            ],
            "declKind": "Func",
            "usr": "s:16url_launcher_ios14UrlLauncherApiP06launchD00A018universalLinksOnly10completionySS_Sbys6ResultOyAA06LaunchL0Os5Error_pGctF",
            "mangledName": "$s16url_launcher_ios14UrlLauncherApiP06launchD00A018universalLinksOnly10completionySS_Sbys6ResultOyAA06LaunchL0Os5Error_pGctF",
            "moduleName": "url_launcher_ios",
            "genericSig": "<τ_0_0 where τ_0_0 : url_launcher_ios.UrlLauncherApi>",
            "sugared_genericSig": "<Self where Self : url_launcher_ios.UrlLauncherApi>",
            "protocolReq": true,
            "declAttributes": [
              "RawDocComment"
            ],
            "reqNewWitnessTableEntry": true,
            "funcSelfKind": "NonMutating"
          },
          {
            "kind": "Function",
            "name": "openUrlInSafariViewController",
            "printedName": "openUrlInSafariViewController(url:completion:)",
            "children": [
              {
                "kind": "TypeNominal",
                "name": "Void",
                "printedName": "()"
              },
              {
                "kind": "TypeNominal",
                "name": "String",
                "printedName": "Swift.String",
                "usr": "s:SS"
              },
              {
                "kind": "TypeFunc",
                "name": "Function",
                "printedName": "(Swift.Result<url_launcher_ios.InAppLoadResult, any Swift.Error>) -> ()",
                "children": [
                  {
                    "kind": "TypeNominal",
                    "name": "Void",
                    "printedName": "()"
                  },
                  {
                    "kind": "TypeNominal",
                    "name": "Result",
                    "printedName": "Swift.Result<url_launcher_ios.InAppLoadResult, any Swift.Error>",
                    "children": [
                      {
                        "kind": "TypeNominal",
                        "name": "InAppLoadResult",
                        "printedName": "url_launcher_ios.InAppLoadResult",
                        "usr": "s:16url_launcher_ios15InAppLoadResultO"
                      },
                      {
                        "kind": "TypeNominal",
                        "name": "Error",
                        "printedName": "any Swift.Error",
                        "usr": "s:s5ErrorP"
                      }
                    ],
                    "usr": "s:s6ResultO"
                  }
                ]
              }
            ],
            "declKind": "Func",
            "usr": "s:16url_launcher_ios14UrlLauncherApiP04openD22InSafariViewController0A010completionySS_ys6ResultOyAA0h7AppLoadM0Os5Error_pGctF",
            "mangledName": "$s16url_launcher_ios14UrlLauncherApiP04openD22InSafariViewController0A010completionySS_ys6ResultOyAA0h7AppLoadM0Os5Error_pGctF",
            "moduleName": "url_launcher_ios",
            "genericSig": "<τ_0_0 where τ_0_0 : url_launcher_ios.UrlLauncherApi>",
            "sugared_genericSig": "<Self where Self : url_launcher_ios.UrlLauncherApi>",
            "protocolReq": true,
            "declAttributes": [
              "RawDocComment"
            ],
            "reqNewWitnessTableEntry": true,
            "funcSelfKind": "NonMutating"
          },
          {
            "kind": "Function",
            "name": "closeSafariViewController",
            "printedName": "closeSafariViewController()",
            "children": [
              {
                "kind": "TypeNominal",
                "name": "Void",
                "printedName": "()"
              }
            ],
            "declKind": "Func",
            "usr": "s:16url_launcher_ios14UrlLauncherApiP25closeSafariViewControlleryyKF",
            "mangledName": "$s16url_launcher_ios14UrlLauncherApiP25closeSafariViewControlleryyKF",
            "moduleName": "url_launcher_ios",
            "genericSig": "<τ_0_0 where τ_0_0 : url_launcher_ios.UrlLauncherApi>",
            "sugared_genericSig": "<Self where Self : url_launcher_ios.UrlLauncherApi>",
            "protocolReq": true,
            "declAttributes": [
              "RawDocComment"
            ],
            "throwing": true,
            "reqNewWitnessTableEntry": true,
            "funcSelfKind": "NonMutating"
          }
        ],
        "declKind": "Protocol",
        "usr": "s:16url_launcher_ios14UrlLauncherApiP",
        "mangledName": "$s16url_launcher_ios14UrlLauncherApiP",
        "moduleName": "url_launcher_ios",
        "declAttributes": [
          "RawDocComment"
        ],
        "conformances": [
          {
            "kind": "Conformance",
            "name": "Escapable",
            "printedName": "Escapable",
            "usr": "s:s9EscapableP",
            "mangledName": "$ss9EscapableP"
          },
          {
            "kind": "Conformance",
            "name": "Copyable",
            "printedName": "Copyable",
            "usr": "s:s8CopyableP",
            "mangledName": "$ss8CopyableP"
          }
        ]
      },
      {
        "kind": "TypeDecl",
        "name": "UrlLauncherApiSetup",
        "printedName": "UrlLauncherApiSetup",
        "children": [
          {
            "kind": "Function",
            "name": "setUp",
            "printedName": "setUp(binaryMessenger:api:)",
            "children": [
              {
                "kind": "TypeNominal",
                "name": "Void",
                "printedName": "()"
              },
              {
                "kind": "TypeNominal",
                "name": "FlutterBinaryMessenger",
                "printedName": "any Flutter.FlutterBinaryMessenger",
                "usr": "c:objc(pl)FlutterBinaryMessenger"
              },
              {
                "kind": "TypeNominal",
                "name": "Optional",
                "printedName": "(any url_launcher_ios.UrlLauncherApi)?",
                "children": [
                  {
                    "kind": "TypeNominal",
                    "name": "UrlLauncherApi",
                    "printedName": "any url_launcher_ios.UrlLauncherApi",
                    "usr": "s:16url_launcher_ios14UrlLauncherApiP"
                  }
                ],
                "usr": "s:Sq"
              }
            ],
            "declKind": "Func",
            "usr": "s:16url_launcher_ios19UrlLauncherApiSetupC5setUp15binaryMessenger3apiySo013FlutterBinaryK0_p_AA0deF0_pSgtFZ",
            "mangledName": "$s16url_launcher_ios19UrlLauncherApiSetupC5setUp15binaryMessenger3apiySo013FlutterBinaryK0_p_AA0deF0_pSgtFZ",
            "moduleName": "url_launcher_ios",
            "static": true,
            "declAttributes": [
              "Final",
              "RawDocComment"
            ],
            "funcSelfKind": "NonMutating"
          },
          {
            "kind": "Constructor",
            "name": "init",
            "printedName": "init()",
            "children": [
              {
                "kind": "TypeNominal",
                "name": "UrlLauncherApiSetup",
                "printedName": "url_launcher_ios.UrlLauncherApiSetup",
                "usr": "s:16url_launcher_ios19UrlLauncherApiSetupC"
              }
            ],
            "declKind": "Constructor",
            "usr": "s:16url_launcher_ios19UrlLauncherApiSetupCACycfc",
            "mangledName": "$s16url_launcher_ios19UrlLauncherApiSetupCACycfc",
            "moduleName": "url_launcher_ios",
            "implicit": true,
            "init_kind": "Designated"
          }
        ],
        "declKind": "Class",
        "usr": "s:16url_launcher_ios19UrlLauncherApiSetupC",
        "mangledName": "$s16url_launcher_ios19UrlLauncherApiSetupC",
        "moduleName": "url_launcher_ios",
        "isOpen": true,
        "declAttributes": [
          "RawDocComment"
        ],
        "conformances": [
          {
            "kind": "Conformance",
            "name": "Copyable",
            "printedName": "Copyable",
            "usr": "s:s8CopyableP",
            "mangledName": "$ss8CopyableP"
          },
          {
            "kind": "Conformance",
            "name": "Escapable",
            "printedName": "Escapable",
            "usr": "s:s9EscapableP",
            "mangledName": "$ss9EscapableP"
          }
        ]
      },
      {
        "kind": "Import",
        "name": "Flutter",
        "printedName": "Flutter",
        "declKind": "Import",
        "moduleName": "url_launcher_ios",
        "declAttributes": [
          "RawDocComment"
        ]
      },
      {
        "kind": "Import",
        "name": "UIKit",
        "printedName": "UIKit",
        "declKind": "Import",
        "moduleName": "url_launcher_ios"
      },
      {
        "kind": "TypeDecl",
        "name": "URLLauncherPlugin",
        "printedName": "URLLauncherPlugin",
        "children": [
          {
            "kind": "Function",
            "name": "register",
            "printedName": "register(with:)",
            "children": [
              {
                "kind": "TypeNominal",
                "name": "Void",
                "printedName": "()"
              },
              {
                "kind": "TypeNominal",
                "name": "FlutterPluginRegistrar",
                "printedName": "any Flutter.FlutterPluginRegistrar",
                "usr": "c:objc(pl)FlutterPluginRegistrar"
              }
            ],
            "declKind": "Func",
            "usr": "c:@M@url_launcher_ios@objc(cs)URLLauncherPlugin(cm)registerWithRegistrar:",
            "mangledName": "$s16url_launcher_ios17URLLauncherPluginC8register4withySo07FlutterE9Registrar_p_tFZ",
            "moduleName": "url_launcher_ios",
            "static": true,
            "objc_name": "registerWithRegistrar:",
            "declAttributes": [
              "Final",
              "ObjC",
              "AccessControl"
            ],
            "funcSelfKind": "NonMutating"
          },
          {
            "kind": "Constructor",
            "name": "init",
            "printedName": "init(launcher:)",
            "children": [
              {
                "kind": "TypeNominal",
                "name": "URLLauncherPlugin",
                "printedName": "url_launcher_ios.URLLauncherPlugin",
                "usr": "c:@M@url_launcher_ios@objc(cs)URLLauncherPlugin"
              },
              {
                "kind": "TypeNominal",
                "name": "Launcher",
                "printedName": "any url_launcher_ios.Launcher",
                "hasDefaultArg": true,
                "usr": "s:16url_launcher_ios8LauncherP"
              }
            ],
            "declKind": "Constructor",
            "usr": "s:16url_launcher_ios17URLLauncherPluginC0B0AcA8Launcher_p_tcfc",
            "mangledName": "$s16url_launcher_ios17URLLauncherPluginC0B0AcA8Launcher_p_tcfc",
            "moduleName": "url_launcher_ios",
            "init_kind": "Designated"
          },
          {
            "kind": "Function",
            "name": "canLaunchUrl",
            "printedName": "canLaunchUrl(url:)",
            "children": [
              {
                "kind": "TypeNominal",
                "name": "LaunchResult",
                "printedName": "url_launcher_ios.LaunchResult",
                "usr": "s:16url_launcher_ios12LaunchResultO"
              },
              {
                "kind": "TypeNominal",
                "name": "String",
                "printedName": "Swift.String",
                "usr": "s:SS"
              }
            ],
            "declKind": "Func",
            "usr": "s:16url_launcher_ios17URLLauncherPluginC12canLaunchUrl0A0AA0G6ResultOSS_tF",
            "mangledName": "$s16url_launcher_ios17URLLauncherPluginC12canLaunchUrl0A0AA0G6ResultOSS_tF",
            "moduleName": "url_launcher_ios",
            "declAttributes": [
              "Final"
            ],
            "funcSelfKind": "NonMutating"
          },
          {
            "kind": "Function",
            "name": "launchUrl",
            "printedName": "launchUrl(url:universalLinksOnly:completion:)",
            "children": [
              {
                "kind": "TypeNominal",
                "name": "Void",
                "printedName": "()"
              },
              {
                "kind": "TypeNominal",
                "name": "String",
                "printedName": "Swift.String",
                "usr": "s:SS"
              },
              {
                "kind": "TypeNominal",
                "name": "Bool",
                "printedName": "Swift.Bool",
                "usr": "s:Sb"
              },
              {
                "kind": "TypeFunc",
                "name": "Function",
                "printedName": "(Swift.Result<url_launcher_ios.LaunchResult, any Swift.Error>) -> ()",
                "children": [
                  {
                    "kind": "TypeNominal",
                    "name": "Void",
                    "printedName": "()"
                  },
                  {
                    "kind": "TypeNominal",
                    "name": "Result",
                    "printedName": "Swift.Result<url_launcher_ios.LaunchResult, any Swift.Error>",
                    "children": [
                      {
                        "kind": "TypeNominal",
                        "name": "LaunchResult",
                        "printedName": "url_launcher_ios.LaunchResult",
                        "usr": "s:16url_launcher_ios12LaunchResultO"
                      },
                      {
                        "kind": "TypeNominal",
                        "name": "Error",
                        "printedName": "any Swift.Error",
                        "usr": "s:s5ErrorP"
                      }
                    ],
                    "usr": "s:s6ResultO"
                  }
                ]
              }
            ],
            "declKind": "Func",
            "usr": "s:16url_launcher_ios17URLLauncherPluginC9launchUrl0A018universalLinksOnly10completionySS_Sbys6ResultOyAA06LaunchL0Os5Error_pGctF",
            "mangledName": "$s16url_launcher_ios17URLLauncherPluginC9launchUrl0A018universalLinksOnly10completionySS_Sbys6ResultOyAA06LaunchL0Os5Error_pGctF",
            "moduleName": "url_launcher_ios",
            "declAttributes": [
              "Final"
            ],
            "funcSelfKind": "NonMutating"
          },
          {
            "kind": "Function",
            "name": "openUrlInSafariViewController",
            "printedName": "openUrlInSafariViewController(url:completion:)",
            "children": [
              {
                "kind": "TypeNominal",
                "name": "Void",
                "printedName": "()"
              },
              {
                "kind": "TypeNominal",
                "name": "String",
                "printedName": "Swift.String",
                "usr": "s:SS"
              },
              {
                "kind": "TypeFunc",
                "name": "Function",
                "printedName": "(Swift.Result<url_launcher_ios.InAppLoadResult, any Swift.Error>) -> ()",
                "children": [
                  {
                    "kind": "TypeNominal",
                    "name": "Void",
                    "printedName": "()"
                  },
                  {
                    "kind": "TypeNominal",
                    "name": "Result",
                    "printedName": "Swift.Result<url_launcher_ios.InAppLoadResult, any Swift.Error>",
                    "children": [
                      {
                        "kind": "TypeNominal",
                        "name": "InAppLoadResult",
                        "printedName": "url_launcher_ios.InAppLoadResult",
                        "usr": "s:16url_launcher_ios15InAppLoadResultO"
                      },
                      {
                        "kind": "TypeNominal",
                        "name": "Error",
                        "printedName": "any Swift.Error",
                        "usr": "s:s5ErrorP"
                      }
                    ],
                    "usr": "s:s6ResultO"
                  }
                ]
              }
            ],
            "declKind": "Func",
            "usr": "s:16url_launcher_ios17URLLauncherPluginC29openUrlInSafariViewController0A010completionySS_ys6ResultOyAA0h7AppLoadM0Os5Error_pGctF",
            "mangledName": "$s16url_launcher_ios17URLLauncherPluginC29openUrlInSafariViewController0A010completionySS_ys6ResultOyAA0h7AppLoadM0Os5Error_pGctF",
            "moduleName": "url_launcher_ios",
            "declAttributes": [
              "Final"
            ],
            "funcSelfKind": "NonMutating"
          },
          {
            "kind": "Function",
            "name": "closeSafariViewController",
            "printedName": "closeSafariViewController()",
            "children": [
              {
                "kind": "TypeNominal",
                "name": "Void",
                "printedName": "()"
              }
            ],
            "declKind": "Func",
            "usr": "s:16url_launcher_ios17URLLauncherPluginC25closeSafariViewControlleryyF",
            "mangledName": "$s16url_launcher_ios17URLLauncherPluginC25closeSafariViewControlleryyF",
            "moduleName": "url_launcher_ios",
            "declAttributes": [
              "Final"
            ],
            "funcSelfKind": "NonMutating"
          },
          {
            "kind": "Constructor",
            "name": "init",
            "printedName": "init()",
            "children": [
              {
                "kind": "TypeNominal",
                "name": "URLLauncherPlugin",
                "printedName": "url_launcher_ios.URLLauncherPlugin",
                "usr": "c:@M@url_launcher_ios@objc(cs)URLLauncherPlugin"
              }
            ],
            "declKind": "Constructor",
            "usr": "c:@M@url_launcher_ios@objc(cs)URLLauncherPlugin(im)init",
            "mangledName": "$s16url_launcher_ios17URLLauncherPluginCACycfc",
            "moduleName": "url_launcher_ios",
            "overriding": true,
            "implicit": true,
            "objc_name": "init",
            "declAttributes": [
              "Dynamic",
              "ObjC",
              "Override"
            ],
            "init_kind": "Designated"
          }
        ],
        "declKind": "Class",
        "usr": "c:@M@url_launcher_ios@objc(cs)URLLauncherPlugin",
        "mangledName": "$s16url_launcher_ios17URLLauncherPluginC",
        "moduleName": "url_launcher_ios",
        "declAttributes": [
          "Final",
          "AccessControl",
          "ObjC"
        ],
        "superclassUsr": "c:objc(cs)NSObject",
        "hasMissingDesignatedInitializers": true,
        "superclassNames": [
          "ObjectiveC.NSObject"
        ],
        "conformances": [
          {
            "kind": "Conformance",
            "name": "UrlLauncherApi",
            "printedName": "UrlLauncherApi",
            "usr": "s:16url_launcher_ios14UrlLauncherApiP",
            "mangledName": "$s16url_launcher_ios14UrlLauncherApiP"
          },
          {
            "kind": "Conformance",
            "name": "Copyable",
            "printedName": "Copyable",
            "usr": "s:s8CopyableP",
            "mangledName": "$ss8CopyableP"
          },
          {
            "kind": "Conformance",
            "name": "Escapable",
            "printedName": "Escapable",
            "usr": "s:s9EscapableP",
            "mangledName": "$ss9EscapableP"
          },
          {
            "kind": "Conformance",
            "name": "Equatable",
            "printedName": "Equatable",
            "usr": "s:SQ",
            "mangledName": "$sSQ"
          },
          {
            "kind": "Conformance",
            "name": "Hashable",
            "printedName": "Hashable",
            "usr": "s:SH",
            "mangledName": "$sSH"
          },
          {
            "kind": "Conformance",
            "name": "CVarArg",
            "printedName": "CVarArg",
            "usr": "s:s7CVarArgP",
            "mangledName": "$ss7CVarArgP"
          },
          {
            "kind": "Conformance",
            "name": "_KeyValueCodingAndObservingPublishing",
            "printedName": "_KeyValueCodingAndObservingPublishing",
            "usr": "s:10Foundation37_KeyValueCodingAndObservingPublishingP",
            "mangledName": "$s10Foundation37_KeyValueCodingAndObservingPublishingP"
          },
          {
            "kind": "Conformance",
            "name": "_KeyValueCodingAndObserving",
            "printedName": "_KeyValueCodingAndObserving",
            "usr": "s:10Foundation27_KeyValueCodingAndObservingP",
            "mangledName": "$s10Foundation27_KeyValueCodingAndObservingP"
          },
          {
            "kind": "Conformance",
            "name": "CustomStringConvertible",
            "printedName": "CustomStringConvertible",
            "usr": "s:s23CustomStringConvertibleP",
            "mangledName": "$ss23CustomStringConvertibleP"
          },
          {
            "kind": "Conformance",
            "name": "CustomDebugStringConvertible",
            "printedName": "CustomDebugStringConvertible",
            "usr": "s:s28CustomDebugStringConvertibleP",
            "mangledName": "$ss28CustomDebugStringConvertibleP"
          }
        ]
      },
      {
        "kind": "Import",
        "name": "Flutter",
        "printedName": "Flutter",
        "declKind": "Import",
        "moduleName": "url_launcher_ios",
        "declAttributes": [
          "RawDocComment"
        ]
      },
      {
        "kind": "Import",
        "name": "SafariServices",
        "printedName": "SafariServices",
        "declKind": "Import",
        "moduleName": "url_launcher_ios"
      },
      {
        "kind": "TypeDecl",
        "name": "URLLaunchSession",
        "printedName": "URLLaunchSession",
        "children": [
          {
            "kind": "Var",
            "name": "completion",
            "printedName": "completion",
            "children": [
              {
                "kind": "TypeFunc",
                "name": "Function",
                "printedName": "(Swift.Result<url_launcher_ios.InAppLoadResult, any Swift.Error>) -> ()",
                "children": [
                  {
                    "kind": "TypeNominal",
                    "name": "Void",
                    "printedName": "()"
                  },
                  {
                    "kind": "TypeNominal",
                    "name": "Result",
                    "printedName": "Swift.Result<url_launcher_ios.InAppLoadResult, any Swift.Error>",
                    "children": [
                      {
                        "kind": "TypeNominal",
                        "name": "InAppLoadResult",
                        "printedName": "url_launcher_ios.InAppLoadResult",
                        "usr": "s:16url_launcher_ios15InAppLoadResultO"
                      },
                      {
                        "kind": "TypeNominal",
                        "name": "Error",
                        "printedName": "any Swift.Error",
                        "usr": "s:s5ErrorP"
                      }
                    ],
                    "usr": "s:s6ResultO"
                  }
                ]
              }
            ],
            "declKind": "Var",
            "usr": "s:16url_launcher_ios16URLLaunchSessionC10completion33_AA677330BCE6AD4B807BAA3DADCADE3ALLyys6ResultOyAA09InAppLoadM0Os5Error_pGcvp",
            "mangledName": "$s16url_launcher_ios16URLLaunchSessionC10completion33_AA677330BCE6AD4B807BAA3DADCADE3ALLyys6ResultOyAA09InAppLoadM0Os5Error_pGcvp",
            "moduleName": "url_launcher_ios",
            "isInternal": true,
            "declAttributes": [
              "Final",
              "HasStorage",
              "AccessControl"
            ],
            "fixedbinaryorder": 0,
            "isLet": true,
            "hasStorage": true
          },
          {
            "kind": "Var",
            "name": "url",
            "printedName": "url",
            "children": [
              {
                "kind": "TypeNominal",
                "name": "URL",
                "printedName": "Foundation.URL",
                "usr": "s:10Foundation3URLV"
              }
            ],
            "declKind": "Var",
            "usr": "s:16url_launcher_ios16URLLaunchSessionC0A033_AA677330BCE6AD4B807BAA3DADCADE3ALL10Foundation3URLVvp",
            "mangledName": "$s16url_launcher_ios16URLLaunchSessionC0A033_AA677330BCE6AD4B807BAA3DADCADE3ALL10Foundation3URLVvp",
            "moduleName": "url_launcher_ios",
            "isInternal": true,
            "declAttributes": [
              "Final",
              "HasStorage",
              "AccessControl"
            ],
            "fixedbinaryorder": 1,
            "isLet": true,
            "hasStorage": true
          },
          {
            "kind": "Var",
            "name": "safariViewController",
            "printedName": "safariViewController",
            "children": [
              {
                "kind": "TypeNominal",
                "name": "SFSafariViewController",
                "printedName": "SafariServices.SFSafariViewController",
                "usr": "c:objc(cs)SFSafariViewController"
              }
            ],
            "declKind": "Var",
            "usr": "s:16url_launcher_ios16URLLaunchSessionC20safariViewControllerSo08SFSafarigH0Cvp",
            "mangledName": "$s16url_launcher_ios16URLLaunchSessionC20safariViewControllerSo08SFSafarigH0Cvp",
            "moduleName": "url_launcher_ios",
            "declAttributes": [
              "Final",
              "HasStorage",
              "RawDocComment"
            ],
            "fixedbinaryorder": 2,
            "isLet": true,
            "hasStorage": true,
            "accessors": [
              {
                "kind": "Accessor",
                "name": "Get",
                "printedName": "Get()",
                "children": [
                  {
                    "kind": "TypeNominal",
                    "name": "SFSafariViewController",
                    "printedName": "SafariServices.SFSafariViewController",
                    "usr": "c:objc(cs)SFSafariViewController"
                  }
                ],
                "declKind": "Accessor",
                "usr": "s:16url_launcher_ios16URLLaunchSessionC20safariViewControllerSo08SFSafarigH0Cvg",
                "mangledName": "$s16url_launcher_ios16URLLaunchSessionC20safariViewControllerSo08SFSafarigH0Cvg",
                "moduleName": "url_launcher_ios",
                "implicit": true,
                "declAttributes": [
                  "Final"
                ],
                "accessorKind": "get"
              }
            ]
          },
          {
            "kind": "Var",
            "name": "didFinish",
            "printedName": "didFinish",
            "children": [
              {
                "kind": "TypeNominal",
                "name": "Optional",
                "printedName": "(() -> ())?",
                "children": [
                  {
                    "kind": "TypeFunc",
                    "name": "Function",
                    "printedName": "() -> ()",
                    "children": [
                      {
                        "kind": "TypeNominal",
                        "name": "Void",
                        "printedName": "()"
                      },
                      {
                        "kind": "TypeNominal",
                        "name": "Void",
                        "printedName": "()"
                      }
                    ]
                  }
                ],
                "usr": "s:Sq"
              }
            ],
            "declKind": "Var",
            "usr": "s:16url_launcher_ios16URLLaunchSessionC9didFinishyycSgvp",
            "mangledName": "$s16url_launcher_ios16URLLaunchSessionC9didFinishyycSgvp",
            "moduleName": "url_launcher_ios",
            "declAttributes": [
              "HasInitialValue",
              "Final",
              "HasStorage",
              "RawDocComment"
            ],
            "fixedbinaryorder": 3,
            "hasStorage": true,
            "accessors": [
              {
                "kind": "Accessor",
                "name": "Get",
                "printedName": "Get()",
                "children": [
                  {
                    "kind": "TypeNominal",
                    "name": "Optional",
                    "printedName": "(() -> ())?",
                    "children": [
                      {
                        "kind": "TypeFunc",
                        "name": "Function",
                        "printedName": "() -> ()",
                        "children": [
                          {
                            "kind": "TypeNominal",
                            "name": "Void",
                            "printedName": "()"
                          },
                          {
                            "kind": "TypeNominal",
                            "name": "Void",
                            "printedName": "()"
                          }
                        ]
                      }
                    ],
                    "usr": "s:Sq"
                  }
                ],
                "declKind": "Accessor",
                "usr": "s:16url_launcher_ios16URLLaunchSessionC9didFinishyycSgvg",
                "mangledName": "$s16url_launcher_ios16URLLaunchSessionC9didFinishyycSgvg",
                "moduleName": "url_launcher_ios",
                "implicit": true,
                "declAttributes": [
                  "Final"
                ],
                "accessorKind": "get"
              },
              {
                "kind": "Accessor",
                "name": "Set",
                "printedName": "Set()",
                "children": [
                  {
                    "kind": "TypeNominal",
                    "name": "Void",
                    "printedName": "()"
                  },
                  {
                    "kind": "TypeNominal",
                    "name": "Optional",
                    "printedName": "(() -> ())?",
                    "children": [
                      {
                        "kind": "TypeFunc",
                        "name": "Function",
                        "printedName": "() -> ()",
                        "children": [
                          {
                            "kind": "TypeNominal",
                            "name": "Void",
                            "printedName": "()"
                          },
                          {
                            "kind": "TypeNominal",
                            "name": "Void",
                            "printedName": "()"
                          }
                        ]
                      }
                    ],
                    "usr": "s:Sq"
                  }
                ],
                "declKind": "Accessor",
                "usr": "s:16url_launcher_ios16URLLaunchSessionC9didFinishyycSgvs",
                "mangledName": "$s16url_launcher_ios16URLLaunchSessionC9didFinishyycSgvs",
                "moduleName": "url_launcher_ios",
                "implicit": true,
                "declAttributes": [
                  "Final"
                ],
                "accessorKind": "set"
              },
              {
                "kind": "Accessor",
                "name": "Modify",
                "printedName": "Modify()",
                "children": [
                  {
                    "kind": "TypeNominal",
                    "name": "Void",
                    "printedName": "()"
                  }
                ],
                "declKind": "Accessor",
                "usr": "s:16url_launcher_ios16URLLaunchSessionC9didFinishyycSgvM",
                "mangledName": "$s16url_launcher_ios16URLLaunchSessionC9didFinishyycSgvM",
                "moduleName": "url_launcher_ios",
                "implicit": true,
                "declAttributes": [
                  "Final"
                ],
                "accessorKind": "_modify"
              }
            ]
          },
          {
            "kind": "Constructor",
            "name": "init",
            "printedName": "init(url:completion:)",
            "children": [
              {
                "kind": "TypeNominal",
                "name": "URLLaunchSession",
                "printedName": "url_launcher_ios.URLLaunchSession",
                "usr": "c:@M@url_launcher_ios@objc(cs)URLLaunchSession"
              },
              {
                "kind": "TypeNominal",
                "name": "URL",
                "printedName": "Foundation.URL",
                "usr": "s:10Foundation3URLV"
              },
              {
                "kind": "TypeFunc",
                "name": "Function",
                "printedName": "(Swift.Result<url_launcher_ios.InAppLoadResult, any Swift.Error>) -> ()",
                "children": [
                  {
                    "kind": "TypeNominal",
                    "name": "Void",
                    "printedName": "()"
                  },
                  {
                    "kind": "TypeNominal",
                    "name": "Result",
                    "printedName": "Swift.Result<url_launcher_ios.InAppLoadResult, any Swift.Error>",
                    "children": [
                      {
                        "kind": "TypeNominal",
                        "name": "InAppLoadResult",
                        "printedName": "url_launcher_ios.InAppLoadResult",
                        "usr": "s:16url_launcher_ios15InAppLoadResultO"
                      },
                      {
                        "kind": "TypeNominal",
                        "name": "Error",
                        "printedName": "any Swift.Error",
                        "usr": "s:s5ErrorP"
                      }
                    ],
                    "usr": "s:s6ResultO"
                  }
                ]
              }
            ],
            "declKind": "Constructor",
            "usr": "s:16url_launcher_ios16URLLaunchSessionC0A010completionAC10Foundation3URLV_ys6ResultOyAA09InAppLoadI0Os5Error_pGctcfc",
            "mangledName": "$s16url_launcher_ios16URLLaunchSessionC0A010completionAC10Foundation3URLV_ys6ResultOyAA09InAppLoadI0Os5Error_pGctcfc",
            "moduleName": "url_launcher_ios",
            "declAttributes": [
              "RawDocComment"
            ],
            "init_kind": "Designated"
          },
          {
            "kind": "Function",
            "name": "safariViewController",
            "printedName": "safariViewController(_:didCompleteInitialLoad:)",
            "children": [
              {
                "kind": "TypeNominal",
                "name": "Void",
                "printedName": "()"
              },
              {
                "kind": "TypeNominal",
                "name": "SFSafariViewController",
                "printedName": "SafariServices.SFSafariViewController",
                "usr": "c:objc(cs)SFSafariViewController"
              },
              {
                "kind": "TypeNominal",
                "name": "Bool",
                "printedName": "Swift.Bool",
                "usr": "s:Sb"
              }
            ],
            "declKind": "Func",
            "usr": "c:@M@url_launcher_ios@objc(cs)URLLaunchSession(im)safariViewController:didCompleteInitialLoad:",
            "mangledName": "$s16url_launcher_ios16URLLaunchSessionC20safariViewController_22didCompleteInitialLoadySo08SFSafarigH0C_SbtF",
            "moduleName": "url_launcher_ios",
            "objc_name": "safariViewController:didCompleteInitialLoad:",
            "declAttributes": [
              "Final",
              "ObjC",
              "RawDocComment"
            ],
            "funcSelfKind": "NonMutating"
          },
          {
            "kind": "Function",
            "name": "safariViewControllerDidFinish",
            "printedName": "safariViewControllerDidFinish(_:)",
            "children": [
              {
                "kind": "TypeNominal",
                "name": "Void",
                "printedName": "()"
              },
              {
                "kind": "TypeNominal",
                "name": "SFSafariViewController",
                "printedName": "SafariServices.SFSafariViewController",
                "usr": "c:objc(cs)SFSafariViewController"
              }
            ],
            "declKind": "Func",
            "usr": "c:@M@url_launcher_ios@objc(cs)URLLaunchSession(im)safariViewControllerDidFinish:",
            "mangledName": "$s16url_launcher_ios16URLLaunchSessionC29safariViewControllerDidFinishyySo08SFSafarigH0CF",
            "moduleName": "url_launcher_ios",
            "objc_name": "safariViewControllerDidFinish:",
            "declAttributes": [
              "Final",
              "ObjC",
              "RawDocComment"
            ],
            "funcSelfKind": "NonMutating"
          },
          {
            "kind": "Function",
            "name": "close",
            "printedName": "close()",
            "children": [
              {
                "kind": "TypeNominal",
                "name": "Void",
                "printedName": "()"
              }
            ],
            "declKind": "Func",
            "usr": "s:16url_launcher_ios16URLLaunchSessionC5closeyyF",
            "mangledName": "$s16url_launcher_ios16URLLaunchSessionC5closeyyF",
            "moduleName": "url_launcher_ios",
            "declAttributes": [
              "Final",
              "RawDocComment"
            ],
            "funcSelfKind": "NonMutating"
          },
          {
            "kind": "Constructor",
            "name": "init",
            "printedName": "init()",
            "children": [
              {
                "kind": "TypeNominal",
                "name": "URLLaunchSession",
                "printedName": "url_launcher_ios.URLLaunchSession",
                "usr": "c:@M@url_launcher_ios@objc(cs)URLLaunchSession"
              }
            ],
            "declKind": "Constructor",
            "usr": "c:@M@url_launcher_ios@objc(cs)URLLaunchSession(im)init",
            "mangledName": "$s16url_launcher_ios16URLLaunchSessionCACycfc",
            "moduleName": "url_launcher_ios",
            "overriding": true,
            "implicit": true,
            "objc_name": "init",
            "declAttributes": [
              "Dynamic",
              "ObjC",
              "Override"
            ],
            "init_kind": "Designated"
          }
        ],
        "declKind": "Class",
        "usr": "c:@M@url_launcher_ios@objc(cs)URLLaunchSession",
        "mangledName": "$s16url_launcher_ios16URLLaunchSessionC",
        "moduleName": "url_launcher_ios",
        "declAttributes": [
          "Final",
          "RawDocComment",
          "ObjC"
        ],
        "superclassUsr": "c:objc(cs)NSObject",
        "superclassNames": [
          "ObjectiveC.NSObject"
        ],
        "conformances": [
          {
            "kind": "Conformance",
            "name": "Copyable",
            "printedName": "Copyable",
            "usr": "s:s8CopyableP",
            "mangledName": "$ss8CopyableP"
          },
          {
            "kind": "Conformance",
            "name": "Escapable",
            "printedName": "Escapable",
            "usr": "s:s9EscapableP",
            "mangledName": "$ss9EscapableP"
          },
          {
            "kind": "Conformance",
            "name": "Equatable",
            "printedName": "Equatable",
            "usr": "s:SQ",
            "mangledName": "$sSQ"
          },
          {
            "kind": "Conformance",
            "name": "Hashable",
            "printedName": "Hashable",
            "usr": "s:SH",
            "mangledName": "$sSH"
          },
          {
            "kind": "Conformance",
            "name": "CVarArg",
            "printedName": "CVarArg",
            "usr": "s:s7CVarArgP",
            "mangledName": "$ss7CVarArgP"
          },
          {
            "kind": "Conformance",
            "name": "_KeyValueCodingAndObservingPublishing",
            "printedName": "_KeyValueCodingAndObservingPublishing",
            "usr": "s:10Foundation37_KeyValueCodingAndObservingPublishingP",
            "mangledName": "$s10Foundation37_KeyValueCodingAndObservingPublishingP"
          },
          {
            "kind": "Conformance",
            "name": "_KeyValueCodingAndObserving",
            "printedName": "_KeyValueCodingAndObserving",
            "usr": "s:10Foundation27_KeyValueCodingAndObservingP",
            "mangledName": "$s10Foundation27_KeyValueCodingAndObservingP"
          },
          {
            "kind": "Conformance",
            "name": "CustomStringConvertible",
            "printedName": "CustomStringConvertible",
            "usr": "s:s23CustomStringConvertibleP",
            "mangledName": "$ss23CustomStringConvertibleP"
          },
          {
            "kind": "Conformance",
            "name": "CustomDebugStringConvertible",
            "printedName": "CustomDebugStringConvertible",
            "usr": "s:s28CustomDebugStringConvertibleP",
            "mangledName": "$ss28CustomDebugStringConvertibleP"
          }
        ]
      },
      {
        "kind": "TypeDecl",
        "name": "UIViewController",
        "printedName": "UIViewController",
        "children": [
          {
            "kind": "Var",
            "name": "topViewController",
            "printedName": "topViewController",
            "children": [
              {
                "kind": "TypeNominal",
                "name": "UIViewController",
                "printedName": "UIKit.UIViewController",
                "usr": "c:objc(cs)UIViewController"
              }
            ],
            "declKind": "Var",
            "usr": "s:So16UIViewControllerC16url_launcher_iosE07topViewB0ABvp",
            "mangledName": "$sSo16UIViewControllerC16url_launcher_iosE07topViewB0ABvp",
            "moduleName": "url_launcher_ios",
            "isOpen": true,
            "declAttributes": [
              "Preconcurrency",
              "Custom"
            ],
            "isFromExtension": true,
            "accessors": [
              {
                "kind": "Accessor",
                "name": "Get",
                "printedName": "Get()",
                "children": [
                  {
                    "kind": "TypeNominal",
                    "name": "UIViewController",
                    "printedName": "UIKit.UIViewController",
                    "usr": "c:objc(cs)UIViewController"
                  }
                ],
                "declKind": "Accessor",
                "usr": "s:So16UIViewControllerC16url_launcher_iosE07topViewB0ABvg",
                "mangledName": "$sSo16UIViewControllerC16url_launcher_iosE07topViewB0ABvg",
                "moduleName": "url_launcher_ios",
                "isOpen": true,
                "isFromExtension": true,
                "accessorKind": "get"
              }
            ]
          }
        ],
        "declKind": "Class",
        "usr": "c:objc(cs)UIViewController",
        "moduleName": "UIKit",
        "isOpen": true,
        "intro_iOS": "2.0",
        "objc_name": "UIViewController",
        "declAttributes": [
          "Preconcurrency",
          "Available",
          "ObjC",
          "NonSendable",
          "Custom",
          "Dynamic"
        ],
        "superclassUsr": "c:objc(cs)UIResponder",
        "isExternal": true,
        "inheritsConvenienceInitializers": true,
        "superclassNames": [
          "UIKit.UIResponder",
          "ObjectiveC.NSObject"
        ],
        "conformances": [
          {
            "kind": "Conformance",
            "name": "Copyable",
            "printedName": "Copyable",
            "usr": "s:s8CopyableP",
            "mangledName": "$ss8CopyableP"
          },
          {
            "kind": "Conformance",
            "name": "Escapable",
            "printedName": "Escapable",
            "usr": "s:s9EscapableP",
            "mangledName": "$ss9EscapableP"
          },
          {
            "kind": "Conformance",
            "name": "Equatable",
            "printedName": "Equatable",
            "usr": "s:SQ",
            "mangledName": "$sSQ"
          },
          {
            "kind": "Conformance",
            "name": "Hashable",
            "printedName": "Hashable",
            "usr": "s:SH",
            "mangledName": "$sSH"
          },
          {
            "kind": "Conformance",
            "name": "CVarArg",
            "printedName": "CVarArg",
            "usr": "s:s7CVarArgP",
            "mangledName": "$ss7CVarArgP"
          },
          {
            "kind": "Conformance",
            "name": "_KeyValueCodingAndObservingPublishing",
            "printedName": "_KeyValueCodingAndObservingPublishing",
            "usr": "s:10Foundation37_KeyValueCodingAndObservingPublishingP",
            "mangledName": "$s10Foundation37_KeyValueCodingAndObservingPublishingP"
          },
          {
            "kind": "Conformance",
            "name": "_KeyValueCodingAndObserving",
            "printedName": "_KeyValueCodingAndObserving",
            "usr": "s:10Foundation27_KeyValueCodingAndObservingP",
            "mangledName": "$s10Foundation27_KeyValueCodingAndObservingP"
          },
          {
            "kind": "Conformance",
            "name": "CustomStringConvertible",
            "printedName": "CustomStringConvertible",
            "usr": "s:s23CustomStringConvertibleP",
            "mangledName": "$ss23CustomStringConvertibleP"
          },
          {
            "kind": "Conformance",
            "name": "CustomDebugStringConvertible",
            "printedName": "CustomDebugStringConvertible",
            "usr": "s:s28CustomDebugStringConvertibleP",
            "mangledName": "$ss28CustomDebugStringConvertibleP"
          },
          {
            "kind": "Conformance",
            "name": "UITraitChangeObservable",
            "printedName": "UITraitChangeObservable",
            "usr": "s:5UIKit23UITraitChangeObservableP",
            "mangledName": "$s5UIKit23UITraitChangeObservableP"
          }
        ]
      }
    ],
    "json_format_version": 8
  },
  "ConstValues": [
    {
      "filePath": "\/Users\/nguyencuong\/.pub-cache\/hosted\/pub.dev\/url_launcher_ios-6.3.1\/ios\/url_launcher_ios\/Sources\/url_launcher_ios\/messages.g.swift",
      "kind": "IntegerLiteral",
      "offset": 1151,
      "length": 1,
      "value": "0"
    },
    {
      "filePath": "\/Users\/nguyencuong\/.pub-cache\/hosted\/pub.dev\/url_launcher_ios-6.3.1\/ios\/url_launcher_ios\/Sources\/url_launcher_ios\/messages.g.swift",
      "kind": "IntegerLiteral",
      "offset": 1220,
      "length": 1,
      "value": "1"
    },
    {
      "filePath": "\/Users\/nguyencuong\/.pub-cache\/hosted\/pub.dev\/url_launcher_ios-6.3.1\/ios\/url_launcher_ios\/Sources\/url_launcher_ios\/messages.g.swift",
      "kind": "IntegerLiteral",
      "offset": 1301,
      "length": 1,
      "value": "2"
    },
    {
      "filePath": "\/Users\/nguyencuong\/.pub-cache\/hosted\/pub.dev\/url_launcher_ios-6.3.1\/ios\/url_launcher_ios\/Sources\/url_launcher_ios\/messages.g.swift",
      "kind": "IntegerLiteral",
      "offset": 1454,
      "length": 1,
      "value": "0"
    },
    {
      "filePath": "\/Users\/nguyencuong\/.pub-cache\/hosted\/pub.dev\/url_launcher_ios-6.3.1\/ios\/url_launcher_ios\/Sources\/url_launcher_ios\/messages.g.swift",
      "kind": "IntegerLiteral",
      "offset": 1519,
      "length": 1,
      "value": "1"
    },
    {
      "filePath": "\/Users\/nguyencuong\/.pub-cache\/hosted\/pub.dev\/url_launcher_ios-6.3.1\/ios\/url_launcher_ios\/Sources\/url_launcher_ios\/messages.g.swift",
      "kind": "IntegerLiteral",
      "offset": 1600,
      "length": 1,
      "value": "2"
    }
  ]
}